name,price
"PC Portable Asus VivoBook R540UB-DM257T 15.6""",399
"PC Ultra-Portable Asus ZenBook UX430UA-GV335T 14""",649
"PC Portable HP Omen 15-ax242nf 15.6""",699
"PC Portable HP 17-bs023nf 17.3""",364
"PC Hybride Asus ZenBook UX561UA-BO039T 15.6"" Tactile",899
"PC Portable HP 15-bs004nf 15.6""",392
"PC Portable Acer Aspire 5 A515-51G-50QS 15.6""",599
"PC Ultra-Portable Asus VivoBook S410UN-EB189T 14""",1109
"PC Ultra-Portable Asus VivoBook S401UF-EB191T 14""",
"PC Ultra-Portable HP Envy 13-ad113nf 13.3""",899
"PC Portable Asus ROG Zephyrus GM501GS-EI003T 15.6""",
"PC Ultra-Portable HP Spectre 13-af013nf 13.3"" Tactile",1259
"PC Portable MSI GV72 8RD-033FR 17.3"" Gaming",1039
"PC Portable HP Omen HP 17-an037nf 17.3"" Gaming",899
PC Portable Asus ZenBook Pro 15 UX580GD-BO001T 15.6” avec ScreenPad,1499
"PC Portable Asus ROG GL703GM-EE079T 17.3""",1249
"PC Portable HP Omen X 17-ap000nf 17.3"" Gaming",2289
"PC Portable Lenovo IdeaPad 320-15AST 80XV00D9FR 15.6""",249
"PC Ultra-Portable HP Spectre x360 Convertible 13-ae020nf 13.3"" Tactile",1499
"PC Portable Asus ROG G502VS-GZ142T 15.6""",1599
"PC Ultra-Portable 14-bs001nf 14""",199
"PC Ultra-Portable Lenovo Yoga 520-14IKBR 81C800FMFR 14""",549
"PC Portable HP 17-bs007nf 17.3""",699
"PC Portable Asus N705UN-GC130T 17.3""",799
"PC Portable Asus ROG Scar GL703GS-E5012T 17.3""",
"PC Portable Asus VivoBook N705UD-GC129T 17.3""",1109
"PC Ultra-Portable ZenbookPro-14-716512 14""",1109
"PC Ultra-Portable Asus R407UA-BV046T 14""",
"PC Portable HP Pavilion 17-ab308nf 17.3""",749
"PC Ultra-Portable Asus VivoBook S405UA-BV502T 14""",449
"PC Ultra-Portable Lenovo IdeaPad 120S-14IAP 81A500DBFR 14""",349
"PC Portable Asus ROG Griffin G703GI-E5083T 17.3""",2839
"PC Ultra-Portable HP Pavilion 14-bf010nf 14""",679
"PC Portable HP 15-bs002nf 15.6""",349
"PC Ultra-Portable Acer Swift 3 SF314-52-80A1 14""",799
"PC Portable Asus X510UF-EJ353T 15.6""",719
"PC Ultra-Portable Lenovo Yoga 720-13IKBR 81C3005JFR 13.3""",1109
"PC Ultra-Portable HP 14-bw014nf 14""",390
"PC Ultra-Portable Acer Swift 5 SF514-52T-80JY 14"" Tactile",959
"PC Ultra-Portable Asus ZenBook UX410UF-GV028T 14""",1039
"PC Hybride HP Pavilion x360 14-ba032nf 14"" Tactile",909
"PC Portable Asus VivoBook R504ZA-BR188T 15.6""",469
"PC Portable HP Envy Notebook 17-ae112nf 17.3""",
"PC Portable Lenovo IdeaPad 320-15ISK 15.6""",370
"PC Portable Lenovo IdeaPad 320S-15IKBR 15.6""",499
"PC Ultra-Portable HP 14-bp040nf 14""",469
"PC Portable Lenovo IdeaPad 320-17AST 80XW0078FR 17.3""",469
"PC Portable Lenovo IdeaPad 320-17ISK 80XJ004KFR 17.3""",
"PC Hybride HP Pavilion x360 14-ba009nf 14"" Tactile",979
"PC Portable MSI GT75VR 7RE-059FR 17.3"" Gaming",2394
"PC Portable Acer Aspire ES1-523-24HN 15.6""",270
"PC Ultra-Portable Swift 3 SF314-52-304P 14""",579
"PC Ultra-Portable Lenovo IdeaPad 120S-11IAP 11.6""",199
"PC Ultra-Portable Asus E406SA-BV153T 14""",349
"PC Portable Acer Aspire 3 A315-33-C2F6 15.6""",280
"PC Ultra-Portable Acer Aspire E14 E5-475-38XL 14""",449
"PC Portable Asus VivoBook S510UN-BQ083T 15.6""",799
"PC Hybride HP Spectre x360 15-ch002nf 15.6"" Tactile",1619
"PC Portable Acer Aspire 5 A515-51G-382U 15.6""",549
"PC Ultra-Portable Lenovo IdeaPad 320-14IKBN 80XK013RFR 14""",679
"PC Portable Asus N705UD-GC201T 17.3""",1279
"PC Hybride Asus VivoBook Flip TP401NA-BZ002T 14"" Tactile",349
"PC Ultra-Portable Lenovo IdeaPad 530S-14IKB 81EU005WFR 14""",879
"PC Portable Acer Aspire ES 17 ES1-732-P6XT 17.3""",342
"PC Ultra-Portable Lenovo Yoga 720-13IKBR 81C3005EFR 13.3""",809
"PC Portable HP 15-bs055nf 15.6""",562
"PC Ultra-Portable HP Envy 13-ad002nf 13.3""",999
"PC Ultra-Portable Lenovo IdeaPad 520S-14IKB 81BL00CHFR 14""",879
"Acer Predator PH317-51-73XK PC Portable Gamer 17"" FHD Noir (Intel Core i7, 8 Go de RAM, 1 To + SSD 128 Go, NVIDIA GeForce GTX 1050Ti, Windows 10)",1130
"PC Portable Acer Aspire 3 A315-21-94BS 15.6""",449
"Asustek 90NB0ET2-M03590 Ordinateur Portable Hybride 15,6"" Noir (Intel Core i7, 16 Go de RAM, Go, Nvidia GeForce GTX 1050, Windows 10 Pro) Clavier AZERTY français",1644
"PC Portable HP 15-bs009nf 15.6""",649
"PC Portable Asus ROG G701VIK-BA061T 17.3""",3199
"PC Portable Lenovo IdeaPad 320-15IKBN 15.6""",549
"PC Ultra-Portable Lenovo Yoga 720-13IKBR 81C3005GFR 13.3""",1039
"PC Portable Asus N705UN-GC057T 17.3""",1039
"PC Portable Acer Aspire 7 A717-71G-54E1 17.3"" Gaming",949
"Pack Fnac PC Ultra-Portable HP Pavilion 14-bf018nf 14"" + Housse + Souris sans fil X3000",
"PC Portable Asus R540UP-DM138T 15.6""",548
"PC Portable Acer Nitro 5 AN515-42-R5Q4 15.6"" Gaming",799
"PC Portable Asus R752LA-TY631T 17.3""",423
"PC Ultra-Portable Microsoft Surface Laptop 13.5"" Tactile Intel Core i5 8Go Ram 256 Go",1449
"PC Portable HP Notebook 15-bs503nf 15.6""",649
"PC Ultra-Portable Asus E203NA-FD084T 11.6""",259
"PC Ultra-Portable HP Envy 13-ad023nf 13.3""",935
"PC Portable HP 17-bs514nf 17.3""",399
"PC Ultra-Portable Microsoft Surface Laptop 13.5"" Tactile Intel Core i5 8 Go RAM 256 Go Bleu Cobalt",1899
"PC Portable Lenovo IdeaPad 330S-15IKB 81F5004FFR 15.6""",
"PC Portable Acer Aspire 5 A515-51G-35B4 15.6""",529
"PC Ultra-Portable HP Envy 13-ad017nf 13.3""",879
"PC Hybride HP x2 10-p032nf 10.1"" Tactile",399
"MSI GT75VR 7RF Titan Pro -063FR Ordinateur Portable Hybride 17,3"" Noir (Intel Core i7, 16 Go de RAM, 1 To, GeForce GTX 1080/8 Go GDDR5X, Windows 10 Home)",2575
"PC Portable Acer Aspire ES1-533-P9CR 15.6""",320
"PC Ultra-Portable Microsoft Surface Laptop 13.5"" Tactile Intel Core i7 16Go Ram 512 Go",2499
"HP EliteBook 1040 G3 - 14"" - Core i7 6600U - 16 Go RAM - 512 Go SSD",2695
"PC Hybride Asus ZenBook Flip S-7r8256-N2 13.3"" Tactile",1109
"PC Ultra-Portable Acer Switch 5 SW512-52P-58EN 12""",789
"PC Ultra-Portable Asus R407UB-BV089T 14""",569
"PC Portable Acer Predator Helios 300 PH317-52-519Y 17.3"" Gaming",1039
"PC Ultra-Portable HP Pavilion 14-bf013nf 14""",
"PC Ultra-Portable HP Envy 13-ad020nf 13.3""",1020
"PC Ultra-Portable Acer Aspire 1 A114-31-C27V 14""",219
"PC Portable Lenovo Legion Y520-15IKBN 80WK01CDFR 15.6""",899
"PC Ultra-Portable Asus R414UV-WX302T 14""",479
"PC Portable HP Omen 17-an022nf 17.3"" Gaming",1499
"PC Hybride HP Pavilion x360 14-ba023nf 14"" Tactile",879
"PC Ultra-Portable HP 14-bp016nf 14""",379
"PC Ultra-Portable Microsoft Surface Laptop 13.5"" Tactile Intel Core i5 4Go Ram 128 Go",920
"PC Ultra-Portable Lenovo Yoga 720-13IKBR 81C3005FFR 13.3""",
"PC Hybride Microsoft Surface Go 10"" Tactile Intel Pentium Gold 8 Go RAM 128 Go SSD",599
"PC Ultra-Portable HP Pavilion 14-bf004nf 14""",879
"PC Ultra-Portable Microsoft Surface Laptop 13.5"" Tactile Intel Core i7 8Go Ram 256 Go",1799
"PC Ultra-Portable HP Spectre 13-af011nf 13.3"" Tactile",1369
"PC Ultra-Portable Asus E203NA-FD026T 11.6""",199
"PC Portable Acer Aspire 3 A315-41-R8AV 15.6""",429
"PC Ultra-Portable HP Spectre x360 Convertible 13-ae018nf 13.3"" Tactile",
"PC Ultra-Portable Microsoft Surface Laptop 13.5"" Tactile Intel Core i5 8 Go RAM 256 Go Bordeaux",1899
"PC Portable Acer Aspire 3 A315-51-327M 15.6""",469
"PC Portable Asus VivoBook N705UN-BX066T 17.3""",699
"PC Ultra-Portable Microsoft Surface Laptop 13.5"" Tactile Intel Core i5 8 Go RAM 256 Go Or Minéral",1899
"HP OMEN 15-ax246nf 15"" Full HD Noir (Intel Core i5, 6 Go de RAM, Disque Dur 1 To, Nvidia GeForce GTX 1050, Windows 10",668
"PC Portable Asus R541UV-DM1291T 15.6""",663
"PC Portable Acer Aspire E15 E5-576G-79K8 15.6""",679
"PC Hybride HP Envy x 360 15-bp101nf 15.6"" Tactile",1199
"PC Portable Acer Aspire 5 A517-51G-57LP 17.3""",639
"Acer Swift 3 SF314-52-5451 Ultrabook 14"" FHD Gris (Processeur Intel® Core™ i5, 8 Go de RAM, SSD 256 Go, Windows 10)",649
"PC Ultra-Portable HP 14-bw018nf 14""",449
"PC Ultra-Portable HP Pavilion 14-bf022nf 14""",639
"PC Portable Asus ZenBook UX561UN-BO017T 15.6""",999
"PC Ultra-Portable Lenovo IdeaPad 320-14ISK 80XG0060FR 14""",409
"HP EliteBook 840 G3 - 14"" - Core i5 6200U - 4 Go RAM - 256 Go SSD",1759
"PC Ultra-Portable Asus R414BA-GA070T 14""",399
"PC Ultra-Portable Lenovo 120S-14IAP 14""",399
"PC Portable Asus ROG Strix GL703VD-GC066T 17.3"" Gaming",1079
"PC Portable Acer Aspire 3 A315-21-97HC 15.6""",349
"PC Portable HP Omen 17-an125nf 17.3"" Gaming",
"PC Ultra-Portable HP Notebook 14-bp021nf 14""",344
"PC Hybride Asus ZenBook FP-C4343T 13.3"" Tactile",118489
"PC Ultra-Portable HP Envy 13-ad024nf 13.3""",1109
"PC Portable MSI GV62 8RE-023FR 15.6""",1209
"PC Portable Acer Aspire E15 E5-576G-514F 15.6""",45690
"PC Hybride Acer Spin 3 SP314-51-34YA 14"" Tactile",
"PC Ultra-Portable Lenovo IdeaPad 100s-14IBR 14""",229
"HP ProBook 470 G3 - 17.3"" - Core i7 6500U - 8 Go RAM - 1 To HDD",1295
"PC Ultra-Portable Acer Aspire 1 A114-31-C7L8 14""",179
"PC Portable Lenovo IdeaPad 320-15IKBN 15.6""",499
"Acer Swift 7 SF713-51-M8EJ - 13.3"" - Core i5 7Y54 - 8 Go RAM - 256 Go SSD",997
"Pack Fnac PC Portable Lenovo 320-15IAP 80XR00XMFR 15.6"" + Sac Targus Classic Clamshell Noir + Souris optique sans fil Microsoft 3500 Noir",489
"PC Ultra-Portable Asus ZenBook UX331UA-EG029T 13.3""",
"PC Portable Acer Aspire 5 A515-51G-367N 15.6""",469
"PC Portable Lenovo IdeaPad 320-15AST 15.6""",469
"PC Hybride Lenovo Yoga 310-11IAP 11.6"" Tactile Intel Pentium 64 Go",299
"Acer Aspire A515-51G-39TX PC Portable 15,6"" Noir (Intel Core i3, 8 Go de RAM, 1 To, NVIDIA GeForce 940MX 2Go, Windows 10)",449
"Asustek 90NB0GM2-M02910 Ordinateur Portable Hybride 17,3"" Noir (Intel Core i5, 8 Go de RAM, 1 To, Nvidia GeForce GTX1050) Clavier AZERTY français",889
"Acer Chromebook R 13 CB5-312T-K62F - 13.3"" - MT8173 - 4 Go RAM - 64 Go SSD",441
"Acer Swift 5 SF514-51-77W2 14 "" HDD 256 Go RAM 8192 Mo",990
"Toshiba Satellite Pro A50-C-205 - 15.6"" - Core i5 6200U - 8 Go RAM - 1 To HDD",869
HP PB450G5 i5-8250U 15 8GB/1T PC,1009
"PC Ultra-Portable Lenovo IdeaPad 120S-14IAP 81A500DEFR 14""",259
"PC Ultra-Portable HP Stream x360 11-aa000nf 11.6"" Tactile",239
"HP ProBook 640 G2 - 14"" - Core i5 6200U - 4 Go RAM - 500 Go HDD",863
"PC Ultra-Portable Lenovo IdeaPad 120S-14IAP 81A500BFFR 14""",409
PC Portable HP 15-da0033nf 15.6”,
"Asustek 90NB0E83-M11440 Ordinateur Portable Hybride 15,6"" Argent (Intel Pentium_4, 4 Go de RAM, 1 To, Windows 10 Home) Clavier AZERTY français",427
"Asustek X405UA-BV516T Ordinateur Portable Hybride 14"" Gris (Intel Core i3, 4 Go de RAM, 1 To, Windows 10 Home) Clavier AZERTY français",421
"PC Portable Lenovo IdeaPad 320-15IAP 80XR00XMFR 15.6""",406
"PC Hybride Teclast Tbook 10S 10.1"" 4G+64G Ultrabook Win10+Android 5.1 2 en 1",136
"PC Portable HP Pavilion 17-ab200nf 17.3""",805
"PC Portable HP 15-bw055nf 15.6""",378
Ordinateur portable Tecra A50-C-1ZQ Toshiba,773
"Pack Fnac PC Ultra-Portable HP Pavilion 14-bf018nf 14"" + Housse de protection Spectrum Noir + Souris sans fil 200 Argent vif",729
"PC Ultra-Portable Acer Aspire ES11 ES1-132-C6LG 11.6""",209
"Asus R541UJ-GO686T PC portable 15"" Gris métal (Intel Core i7, 4 Go de RAM, Disque dur 1 To, Nvidia GeForce 920M 2G, Windows 10) [Ancien Modèle]",746
"PC Portable Asus FX503VD-DM085T 15.6""",759
"PC Portable HP Pavilion 15-cx0008nf 15.6"" Gaming",
"PC Portable Acer ASPIRE 3 A315-51-34HU 15.6""",399
"HP ProBook x360 11 G1 - Education Edition - 11.6"" - Pentium N4200 - 4 Go RAM - 128 Go SSD - français",742
"Acer Aspire E 15 E5-575G-543V - 15.6"" - Core i5 7200U - 8 Go RAM - 1 To HDD",753
"Asustek 90NB0F22-M07870 Ordinateur Portable Hybride 15,6"" Gris (Intel Core i5, 8 Go de RAM, 1 To, Windows 10 Home) Clavier AZERTY français",675
MacBook Pro 13.3 pouces A1278 Intel Core i5 2012,629
"PC Portable Lenovo IdeaPad 320-15ABR 80XS00DGFR 15.6""",639
"HP 2LC13EA#ABF Ordinateur Portable Hybride 15,6"" Noir (AMD, 4 Go de RAM, 500 Go, Windows 10 Home) Clavier AZERTY français",299
"PC Ultra-Portable Lenovo IdeaPad 320-14IKBN 80XK013QFR 14""",589
PC Portable HP 15-bw019nf - 2KF27EA - AMD A9 9420 3 GHz - 8 Go RAM - 128Go SSD + 1To HDD - AMD Radeon 520 2 Go - Win 10 64 bits,569
"PC Ultra-Portable Lenovo IdeaPad 330S-14IKB 81F400QUFR 14""",
"ORDISSIMO Lucie - 15.6"" - Pentium N3700 - 4 Go RAM - 32 Go SSD + 500 Go HDD",549
"Asustek 90NB0GF2-M04340 Ordinateur Portable Hybride 14"" Gris (Intel Core i3, 4 Go de RAM, 500 Go, Windows 10 Home) Clavier AZERTY français",549
"PC Ultra-Portable Lenovo IdeaPad 320S-14IKBR 81BN008TFR 14""",509
"Dell Vostro 3568 PC portable 15,6"" HD Noir (Intel Core i5, 4 Go de RAM, Disque Dur 500 Go, Intel HD 620, Windows 10 Professionnel)",558
"Acer NH.GM2EF.014 Ultrabook 15,6"" Noir (Intel Core i5, 8 Go de RAM, SSD 128Go + 1 To , Nvidia GeForce GTX 1050, Windows 10) Clavier Français AZERTY",1106
"PC Portable Asus R540YA-GK576T 15.6"" Tactile",469
"PC Ultra-Portable HP 14-bp017nf 14""",469
"PC Portable Lenovo IdeaPad 320S-15AST 80YB0010FR 15.6""",469
"Pc portable hp 15-bw049nf - 2px77ea - 15,6' hd - amd a6-9220 2,5 ghz - 8 go ram - 2 to hdd - amd radeon r4 - win 10 64 bits",467
"HP 1WY65EA#ABF Ordinateur Portable Hybride 15,6"" Noir (Intel, 4 Go de RAM, 500 Go, Windows 10 Pro) Clavier AZERTY français",427
"Asustek X751NA-TY012T Ordinateur Portable Hybride 17,3"" Blanc (Intel, 4 Go de RAM, Go, DOS)",490
"PC Hybride Microsoft Surface Go 10"" Tactile Intel Pentium Gold 4 Go RAM 64 Go eMMC",449
"Fujitsu LIFEBOOK A555 - 15.6"" - Core i3 5005U - 4 Go RAM - 500 Go HDD - français",433
"PC Ultra-Portable Acer Aspire 3 A314-31-P1BU 14""",429
"ORDISSIMO Agate 2 - 14"" N3050 - 2 Go RAM - 64 Go SSD",426
"PC Portable HP 15-bs080nf 15.6""",51493
"PC Portable Lenovo IdeaPad 320-17IKB 80XM00L0FR 17.3""",399
"PC Portable CHUWI SurBook 2 EN 1 12.3""128GB Intel Celeron N3450 Quad Core Windows10",458
"PC Ultra-Portable Lenovo IdeaPad 320-14IKBN 80XK0100FR 14""",44390
Ordinateur portable Asus R540Lj-Gk535T,479
"Dell Latitude E5450 - 14"" - Core i5 5200U - 4 Go RAM - 500 Go HDD",355
Ordinateur portable Chromebook 14 CP5-471-C67N (NX.GE8EF.002) Acer,357
"PC Ultra-Portable Asus Polyvalence E402SA-FR268T 14""",
"PC Portable Acer Aspire ES 15 ES1-533-P8VG 15.6""",323
PC Portable Lenovo ThinkPad X230 - 12.5'' HD - Noir - Intel Core i5-3320M / 2.60 GHz - RAM 8 Go - SSD 240 Go - Webcam - Gigabit Ethernet - Wifi - Windows 7 Professionnel,308
"Acer Aspire A315-31-C389 PC Portable 15"" HD Noir (Intel Celeron, 4 Go de RAM, 1 To, Windows 10)",328
PC Portable Lenovo ThinkPad T420 - 14'' - Noir - Intel Core i5-2520M / 2.50 GHz - RAM 8 Go - SSD 240 Go - DVDRW - Webcam - Gigabit Ethernet - Wifi - Windows 7 Professionnel,299
"PC Ultra-portable HP Stream 11-y006nf 11.6"" + Office 365 personnel 1 an d’abonnement inclus",208
"PC Hybride Asus TP202NA-EH316T 11.6""",289
"PC Ultra-Portable HP Stream 14-ax025nf 14""",255
"14.1"" IPS 1920*1080 CHUWI LapBook14.1 4Go+64Go Windows10 Intel HD WIFI BT4.0 Ordinateur portable 9000mAh EU",248
"PC Portable Dell Latitude E6420 - 14,1'' - Gris - Intel Core i5 2520M / 2.50 GHz - RAM 4 Go - HDD 250 Go - DVDRW - Gigabit Ethernet - Wifi - Windows 10 Professionnel",331
"Lenovo ThinkPad X240 20AM - 12.5"" - Core i5 4300U - 4 Go RAM - 500 Go HDD",248
"Asustek E402NA-GA248T Ordinateur Portable Hybride 14"" Blanc (Intel Celeron, 4 Go de RAM, 32 Go, Windows 10 Home) AZERTY (Clavier Français)",232
"PC Portable Acer ES1-523-20R6 15.6""",304
"PC Ultra-Portable Acer Aspire 1 A114-31-C1Q7 14""",209
"Thomson Ultrabook X6-2.32GO - 13"" Gold – Matériau aluminium – Processeur Intel Celeron – RAM 4 Go – Stockage 32 Go – Logiciels intégrés Windows 10 + anti-virus Norton – Ecran IPS Full HD – Slim et léger 1,3kg",209
PC Portable occasion Lenovo ThinkPad T430 - 14'' HD - Noir - Intel Core i5-3320M / 2.60 GHz - RAM 4 Go - HDD 320 Go - DVDRW - Gigabit Ethernet - Wifi - Linux - Ubuntu,199
Lecteur MP4 4GB -Argent-,24
Mini PC Android 4.4 Netbook Ultra portable 10 pouces WiFi 72Go Blanc,184
"Lenovo ThinkPad X220 4291 - 12.5"" - Core i5 2520M - 4 Go RAM - 320 Go HDD",179
Asus Zenpad 10 Z301MFL 4G 16GB Netbook HDD 16 Go RAM 2048 Mo Android,200
Lenovo thinkpad x201,170
"Thomson NEO14A-2BK32 Ultrabook 14,1"" Noir (Intel_atom, 2 Go de RAM, 32 Go, HD Graphics, Windows 10 Home) Clavier AZERTY français",167
"Dell latitude e6400 2Go 160Go - Intel core 2 duo - 2Go (2048Mo) - 160Go - 14,1 - windows 7 Édition familiale premium 64 bits",149
Mini PC Android ultra portable netbook 10 pouces WiFi 4 Go Noir,134
Thomson ds400 subwoofer avec station daccueil pour ipod iphone ipad 90 w noir,149
Mini PC Android Kitkat dual core netbook 7 pouces WiFi 4 Go Noir,99
1 Vitre de protection verre Trempé 0.3mm 9H Samsung Galaxy S6 SM-G920F,2
Lecteur MP3 -shuffle- MÉMOIRE MICRO SD -Noir-,9
"Clé Miracast Airplay, WI-FI 802.11 b / g / n, Pour Android + iOS",37
Hama 00124484 enceinte portable avec bluetooth pour téléphone portable smartphone noir,27
Lecteur MP3 -shuffle- MÉMOIRE MICRO SD -Argent-,10
1 Vitre de protection verre Trempé 0.3mm 9H Samsung Galaxy Note 3,4
"PC Portable Acer Predator GX-792-77HL NH.Q1EEF.003 17.3"" Gaming",
"PC Portable Acer Aspire 7 A715-72G-52HL NX.H23EF.001 15.6"" Gaming",
"PC Portable Acer Aspire 5 A517-51G-54J9 NX.GVPEF.008 17.3""",810
"PC Ultra-Portable Acer Swift 3 SF314-54-339U NX.GXJEF.005 14""",
"PC Portable Acer Predator PH517-51-7194 NH.Q3NEF.009 17.3"" Gaming",
"PC Portable Acer Aspire 3 A315-41-R9X9 NX.GY9EF.011 15.6""",
"PC Portable Acer Swift 3 SF315-52G-523P NX.H1NEF.002 15.6""",
"PC Portable Acer Aspire 5 A517-51G-396G NX.GVPEF.032 17.3""",
"PC Portable Acer Aspire 3 A315-51-34W7 NX.GNPEF.044 15.6""",
"PC Ultra-Portable Acer Swift 3 SF314-54-867W NX.GXZEF.014 14""",
"PC Ultra-Portable Acer Swift 5 SF514-52T-51CW NX.GTMEF.020 14"" Tactile",
"PC Portable Acer Predator PH517-51-91JR NH.Q3NEF.012 17.3"" Gaming",
"PC Portable Acer Aspire ES1-732-P3S1 NX.GH4EF.024 17.3""",
"PC Ultra-Portable Acer Swift 3 SF314-54G-56JS NX.H1UEF.003 14""",
"PC Ultra-Portable Acer Swift 5 SF514-52T-87H6 NX.GTMEF.019 14"" Tactile",
"PC Portable Acer Predator Helios 300 PH317-52-726Z NH.Q3EEF.017 17.3"" Gaming",
"PC Portable Acer Swift 3 SF315-52G-87NL NX.GZAEF.006 15.6""",
"PC Ultra-Portable Acer Swift 3 Swift SF314-54-575U NX.GXZEF.005 14""",
PC Portable Acer Predator Helios 300 PH317-52-5593 NH.Q3EEF.018 17.3'' Gaming,
"PC Portable Acer Predator Helios 300 PH315-51-7075 NH.Q3HEF.007 15.6"" Gaming",
"PC Hybride Lenovo Yoga 530-14IKB 14"" Tactile",
"PC Ultra-Portable Lenovo IdeaPad 530S-14ARR 81H1001YFR 14""",
"PC Portable Asus VivoBook R520UF-EJ628T 15.6""",
"PC Ultra-Portable Asus R414BA-FA177T 14""",
"PC Portable Asus TUF554GM-E4298T 15.6"" Gaming",
"PC Portable Asus R540UV-DM035T 15.6""",
"PC Ultra-Portable Asus VivoBook S430UAN-EB158T 14""",
"PC Portable Asus F540LA-XX1145T 15.6""",
"PC Portable Asus R702UA-BX560T 17.3""",
"PC Ultra-Portable Asus ZenBook UX331UA-C4133T 13.3"" Tactile",
"PC Hybride Asus ZenBook FP-EA384T 13.3"" Tactile",
PC Portable Asus VivoBook S530UA-BQ284T 15.6'',
PC Ultra-Portable Asus VivoBook S430UA-EB065T 14'',
PC Ultra-Portable Asus VivoBook S430UA-EB135T 14'',
PC Portable Asus R540LA-XX1372T 15.6'',
R414BA-FA145T,
N705UF-BX139T,
PC Portable Asus R562UD-EJ168T 15.6'',
PC Ultra-Portable Asus VivoBook S405UA-EB895T 14'',
PC Hybride Asus VivoBook Flip TP401MA-BZ078TS 14'' Tactile,
PC Ultra-Portable Asus VivoBook S401UA-BV811T 14'',
PC Hybride Asus VivoBook Flip TP401MA-BZ084T 14'' Tactile,549
PC Portable Asus ZenBook UX580GD-BO038T 15.6'' avec ScreenPad,
PC Ultra-Portable Asus Zenbook 7r8256 14'',1131
PC Ultra-Portable Asus ZenBook UX430UA-GV381T 14'',
PC Hybride Asus Zenbook UX461UA-E1010T 14'' Tactile,
PC Hybride Asus Zenbook UX461UA-E1166T 14'' Tactile,
"PC Ultra-Portable HP Pavilion 14-ce0020nf 14""",
"PC Portable HP 15-db0022nf 15.6""",399
"PC Hybride HP Envy x360 15-cn0000nf 15,6” Tactile",
"PC Portable HP 17-by0011nf 17.3""",449
"PC Portable HP 15-db0024nf 15.6""",549
PC Portable HP 15-da0032nf 15.6”,
"PC Portable HP Omen 15-ce050nf 15.6"" Gaming",
"PC Hybride HP Pavilion x360 14-ba034nf 14"" Tactile",
"PC Ultra-Portable HP Pavilion 14-ce0018nf 14""",
"PC Portable HP 17-by0137nf 17.3""",579
"PC Ultra-Portable HP Spectre 13-af002nf 13.3"" Tactile",1505
"PC Ultra-Portable HP 14-cf0008nf 14""",564
"PC Portable HP 15-da0062nf 15.6""",499
PC Portable HP Pavilion 15-cs0038nf 15.6”,
"PC Portable HP 15-da0063nf 15.6""",
PC Portable HP 15-da0013nf 15.6”,
PC Portable HP 15-da0021nf 15.6”,
"PC Portable HP Omen 15-ce053nf 15.6"" Gaming",
"PC Hybride HP Spectre x360 13-ae012nf 13.3"" Tactile",
"PC Ultra-Portable HP Stream 14-cb041nf 14""",
"PC Ultra-Portable HP 14-cf0000nf 14""",
"PC Portable HP Omen 17-an129nf 17.3"" Gaming",
"PC Portable HP Envy 17-bw0013nf 17.3""",
"PC Portable HP Omen 15-dc0016nf 15.6"" Gaming",
"PC Portable HP 17-by0015nf 17.3""",
"PC Portable HP Omen 17-an131nf 17.3"" Gaming",
"PC Portable HP 15-db0005nf 15.6""",
"PC Portable HP 15-da0018nf 15.6""",
PC Portable HP Pavilion 15-cw0005nf 15.6”,
"PC Ultra-Portable HP 14-cm0004nf 14""",
PC Portable HP 15-da0061nf 15.6”,
PC Portable HP Pavilion 15-cs0020nf 15.6”,
"PC Portable HP Pavilion 15-cx0003nf 15.6"" Gaming",
"PC Ultra-Portable HP Pavilion 14-ce0034nf 14""",
"PC Hybride HP Pavilion x360 14-cd0027nf 14"" Tactile",
PC Portable HP Pavilion 15-cs0021nf 15.6”,
"PC Portable HP 17-by0013nf 17.3""",
"PC Portable HP Omen 15-dc0002nf 15.6"" Gaming",
"PC Ultra-Portable HP Spectre x360 Convertible 13-ae027nf 13.3"" Tactile",
"PC Portable HP 15-db0023nf 15.6""",
"PC Portable HP 15-da0027nf 15.6""",
"PC Ultra-Portable HP 14-cf0004nf 14""",
"PC Hybride HP Pavilion x360 14-cd0012nf 14"" Tactile",
"PC Portable HP Pavilion 15-cs0010nf 15.6""",
"PC Portable HP Omen 15-dc0018nf 15.6"" Gaming",
"PC Ultra-Portable HP 14-ck0007nf 14""",
"PC Portable HP Omen 15-dc0024nf 15.6"" Gaming",
"PC Portable HP 17-by0006nf 17.3""",
"PC Portable HP 17-by0000nf 17.3""",
PC Hybride HP Envy x360 15-cn0013nf 15.6” Tactile,
"PC Ultra-Portable HP 14-ck0006nf 14""",
"PC Portable HP Pavilion 17-ab401nf 17.3""",
"PC Portable HP 15-da0011nf 15.6""",
"PC Portable HP Envy 17-bw0017nf 17.3""",
"PC Ultra-Portable HP Chromebook 14-ca001nf 14"" Tactile",
"PC Ultra-Portable HP Pavilion 14-ce0019nf 14""",
"PC Portable HP Omen 17-an128nf 17.3"" Gaming",
"PC Portable HP 17-by0132nf 17.3""",
"PC Portable HP Omen 15-dc0025nf 15.6"" Gaming",
"PC Portable HP 17-by0014nf 17.3""",
"PC Ultra-Portable HP Pavilion 14-ce0035nf 14""",
"PC Portable HP 15-db0021nf 15.6""",
"PC Portable HP 15-db0003nf 15.6""",
PC Portable HP 15-da0024nf 15.6”,
"PC Ultra-Portable HP 14-cm0007nf 14""",
"PC Ultra-Portable HP Envy 13-ah0008nf 13.3""",
"PC Hybride HP Pavilion x360 14-cd0029nf 14"" Tactile",
"PC Portable HP Pavilion 15-cw0006nf 15.6""",
"PC Portable HP Omen 15-dc0000nf 15.6"" Gaming",
PC Portable HP Pavilion 15-cs0005nf 15.6”,
"PC Ultra-Portable HP Stream 14-cb038nf 14""",
PC Portable Asus ZenBook Pro 15 UX580GE-E2048T 15.6” avec ScreenPad,2999
"PC Portable Asus ROG Griffin G703GS-E5007T 17.3""",
"PC Portable Asus ROG Zephyrus GX501GI-EI022T 15.6""",3364
"PC Hybride Asus VivoBook Flip TP412UA-EC072T 14"" Tactile",
"PC Portable Asus ROG Strix GL703VM-BA015T 17.3""",
"PC Ultra-Portable Asus ZenBook UX480FD-BE001T 14"" avec ScreenPad",
"PC Portable Asus R702UB-BX060T 17.3""",
"PC Portable Asus N705UF-GC074T 17.3""",
"PC Portable Asus R702UA-BX563T 17.3""",
"PC Portable Asus VivoBook Pro 17 R570ZD-DM126T 15.6""",
"PC Portable Asus R540UB-DM445T 15.6""",
"PC Portable Asus Vivobook S530UN-BQ155T 15.6""",
"PC Ultra-Portable Asus ZenBook UX331UAL-EG024T 13.3""",
"PC Ultra-Portable Asus E406MA-EB149T 14""",
"PC Portable Asus ROG Scar GL703GM-EE014T 17.3""",
"PC Ultra-Portable Asus ZenBook UX480FD-BE002T 14"" avec ScreenPad",
"PC Portable Asus TUF554GM-E4064T 15.6"" Gaming",
"PC Portable Asus N705UN-GC118T 17.3""",
"PC Portable Asus R702UB-BX052T 17.3""",
"PC Ultra-Portable Asus ZenBook UX480FD-BE010T 14"" avec ScreenPad",
"PC Portable Asus R540UB-DM446T 15.6""",
"PC Ultra-Portable Asus Vivobook S410UA-BV813T 14""",
"PC Portable Asus TUF504GD-DM588T 15.6"" Gaming",
"PC Portable HP 17-by0009nf 17.3""",
"PC Portable HP Pavilion 17-ab404nf 17.3""",
"PC Portable IdeaPad 330-15AST 81D6005FFR 15.6""",
"PC Ultra-Portable Lenovo Yoga 530-14IKB 81EK00K2FR 14""",
"PC Portable Lenovo Legion Y530-15ICH 81FV00LCFR 15.6""",
"PC Portable Lenovo IdeaPad 330-15ARR 81D2005QFR 15.6""",
"PC Portable IdeaPad 330-15AST 81D6005RFR 15.6""",
"PC Portable Lenovo IdeaPad 330-15ARR 81D2005KFR 15.6""",
"PC Portable Lenovo IdeaPad 330S-15IKB GTX1050 81GC0039FR 15.6""",
"PC Ultra-Portable Lenovo IdeaPad 330S-14AST 81F8001UFR 14""",
"PC Ultra-Portable Lenovo Yoga 330-11IGM 81A6003RFR 11.6""",
"PC Ultra-Portable Lenovo Yoga 530-14IKB 81EK00JSFR 14""",
"PC Ultra-Portable Lenovo Yoga 330-11IGM 81A60036FR 11.6""",
"PC Portable Lenovo IdeaPad 330S-15ARR 81FB007EFR 15.6""",
"PC Portable Lenovo Legion Y530-15ICH 81FV0095FR 15.6""",
"PC Portable Lenovo IdeaPad 330-15IKBR 81DE01BVFR 15.6""",
"PC Portable IdeaPad 330-15AST 81D6005PFR 15.6""",
"PC Portable Lenovo IdeaPad 330-17AST 81D7001AFR 17""",
"PC Portable MSI GV62 8RD-058FR 15.6""",949
"PC Portable MSI GV72 8RC-032FR 17.3"" Gaming",959
PC Portable MSI GE73 RAIDER RGB 8RE-267FR Gaming,1579
"PC Ultra-Portable Acer Swift 7SF714-51T-M2ST 14"" Tactile",1439
"PC Portable Acer Aspire 3 A315-31-P4D2 15.6""",429
"PC Portable Acer Predator Helios 300 PH317-52-7228 17.3"" Gaming",971
"PC Portable Asus ROG Griffin G703GI-E5126T 17.3""",4324
"PC Portable Asus N705UD-GC217T 17.3""",1279
PC Portable Asus ZenBook Pro 15 UX580GD-BN010T 15.6” avec ScreenPad,
"PC Portable Asus ROG Scar GL703GS-E5011T 17.3""",
"PC Portable Asus ROG Griffin G703GS-E5019T 17.3""",2439
"PC Portable Asus ROG SCAR-GL504GS-ES019T 15.6""",2029
"PC Ultra-Portable HP Spectre x360 Convertible 13-ae017nf 13.3"" Tactile",
"PC Portable HP Omen 15-ce044nf 15.6"" Gaming",
"PC Ultra-Portable Lenovo Yoga 720-13IKBR 81C300BUFR 13.3""",
"PC Portable Lenovo Legion Y520-15IKBN 80WK01GCFR 15,6""",679
"PC Portable Lenovo IdeaPad 320-15AST 80XV0115FR 15.6""",409
"PC Portable HP 15-bw011nf 15.6""",
"PC Portable HP Omen X 17-ap004nf 17.3"" Gaming",2939
"PC Portable HP Envy 17-ae102nf 17.3""",1199
"PC Portable HP Omen 17-an040nf 17.3"" Gaming",1279
"PC Portable Acer Predator Triton 700 PT715-51-76D4 15.6"" Gaming",2679
"PC Portable Acer Aspire 5 A517-51G-39MT 17.3 """,509
"PC Portable Acer Swift 3 SF315-51-39SF 15.6""",45690
"PC Portable HP Pavilion 15-cc521nf 15.6""",879
"PC Ultra-Portable HP Spectre 13-af005nf 13.3"" Tactile",2163
"PC Portable HP 17-bs077nf 17.3""",759
"PC Portable HP 17-bs069nf 17.3""",390
"PC Portable Asus R753UQ-T4483T 17.3""",719
"PC Portable Asus ROG Hero-GL503VM-GZ098T 15.6"" Gaming",1279
"PC Portable Asus ROG Strix 503VM-DM159T 15.6""",1109
"PC Portable Asus N705UF-GC044T 17.3""",
"PC Hybride Asus Zenbook-Flip-S-U7r16512-B écran 13.3"" UHD Tactile",1600
"PC Portable Acer Nitro 5 AN515-51-56EN 15.6"" Gaming",719
"PC Portable Acer Aspire 5 A515-51G-58KU 15.6""",639
"PC Portable Acer Predator Triton 700 PT715-51-709K 15.6"" Gaming",2439
"PC Portable Acer Predator Helios 300 G3-572-72Z8 15.6"" Gaming",1149
"PC Portable Acer Predator Triton 700 PT715-51-78D1 15.6"" Gaming",2999
"PC Portable Acer Predator 15 G9-593-77VQ 15.6"" Gaming",1349
"PC Portable Asus N705UD-GC104T 17.3""",
"PC Ultra-Portable HP Spectre x360 Convertible 13-ae004nf 13.3"" Tactile",
"PC Ultra-Portable HP 14-bp030nf 14""",639
"PC Ultra-Portable Asus ZenBook UX331UN-EG015T 13.3""",
"Pack Fnac PC Ultra-Portable Asus Vivobook S405UA-EB722T 14"" + Sacoche + Souris sans fil",
"PC Portable Asus FX503VM-DM020T 15.6"" Gaming",1199
"PC Portable Asus ROG Strix GL753VE-GC198T 17.3""",
"PC Portable HP Omen X 17-ap007nf 17.3"" Gaming",2439
"PC Ultra-Portable Asus X405UR-BV028T 14""",479
"PC Portable Asus GX501VS-GZ028T 15.6""",2698
"PC Portable Asus ROG GL502VS-GZ227T 15.6""",1789
"PC Portable HP 17-bs059nf 17.3""",831
"PC Portable Acer Aspire A715-71G-58TH 15.6""",680
"PC Ultra-Portable Asus VivoBook Flip TP410UA-EC247T 14""",1039
"PC Portable Asus FX753VD-GC167T 17.3""",
"PC Portable HP 15-bs033nf 15.6""",726
"PC Ultra-Portable ZenBook Flip-78256 13.3""",1199
PC Ultra-Portable Asus ZenBook Pro 90NX0152-M02980,1133
"PC Portable Asus ROG GX800VH-GY001T 18.4""",6499
"PC Portable Lenovo Ideapad 110-17ACL 17.3""",429
"PC Portable Toshiba Satellite Pro R50-C 15.6""",440
"PC Portable Toshiba Satellite Pro R50-C 15.6""",580
"PC Portable Lenovo Yoga 3 Pro 13.3""",1013
"PC Portable Lenovo Yoga 3 Pro 13.3""",908
Ordinateur portable Legion Y520 - i5 / 16Go / 256Go+1To / GTX1060,1464
Ordinateur portable IdeaPad 320-14IAP - Pentium / 1To / W10 / Noir,423
Ordinateur portable ThinkPad P51s - i7 / 256Go/ Quadro M520M,1699
Ordinateur portable ThinkPad P51 - i7 / 512Go/ Quadro M2200M,3059
Ordinateur portable ThinkPad P40 Yoga - i7 / 256Go / Quadro M500M / 4G,1996
Ordinateur portable Swift 1 SF114-32-P3BW - Pentium / 128Go / Gris,529
Ordinateur portable Swift 1 SF114-32-C2L8 - Celeron / 64Go / Gris,403
Ordinateur Portable Acer Aspire 3 - A4 / 4Go / 1To / Radeon 520,527
Ordinateur portable V320-17ISK - i3 / 4Go / 1To / GF920MX,584
Ordinateur portable 250 G6 - i3 / 4Go / 256Go / W10 Home,488
Ordinateur portable ThinkPad P51s - i7 / 512Go/ Quadro M520M,2061
Ordinateur portable V110-15AST - AMD A9 / 500Go / Noir,389
Ordinateur portable Swift 3 SF314-52-319M - i3 / 4Go / 256Go / Argent,622
Ordinateur portable Extensa 2540-35AX - i3 / 128Go / Noir,425
"Ordinateur portable NEO X - 13"" / Celeron / 32 Go / Win 10 / Noir",257
Ordinateur portable Ideapad 720S-14IKBR - i5 / 8Go / 256Go / Argent,1015
Ordinateur portable ThinkPad P71 - i7 / 8Go / 256Go / Quadro P3000M,2733
Ordinateur portable IdeaPad 510S-13IKB - i7 / 8Go / 256Go,927
Ordinateur portable ThinkPad P51 - i7 / 512Go/ Quadro M1200M,1874
Ordinateur portable Swift 1 SF114-32-C2NL - Celeron / 64Go / Or,403
Ordinateur portable Chromebook Spin 11 - Pentium / 32Go / Argent,405
Ordinateur portable Spin 1 SP111-31-C3VE - Celeron / 32Go / Bleu,306
"PC Ultra-Portable Thomson NEO12A-2WH32 11.6""",
